family;name;class;cap-diameter;cap-shape;cap-surface;cap-color;does-bruise-or-bleed;gill-attachment;gill-spacing;gill-color;stem-height;stem-width;stem-root;stem-surface;stem-color;veil-type;veil-color;has-ring;ring-type;spore-print-color;habitat;season
;Fly Agaric;p;[10.0, 20.0];;[g, h];[e];[f];[e];;[w];[15.0, 20.0];[15.0, 20.0];;[y];;[u];[w];[t];[f];;;[u, w]
;Panther Cap;p;[5.0, 10.0];;[g];[n];[f];[e];;[w];[6.0, 10.0];[10.0, 20.0];;[y];[w];;[w];[t];[f];;[l, d];[u, a]
;False Panther Cap;p;[10.0, 15.0];[f];;[n];[f];[e];;[w];[10.0, 12.0];[10.0, 20.0];;[g];[w];;;[t];[f];;[l, d];[u, a]
;The Blusher;e;[5.0, 15.0];[x, f];;[n];[t];;;[p, e, w];[7.0, 15.0];[10.0, 25.0];[b];[g];[w];;[w];[t];[f];;[l, d];[u, a]
;Death Cap;p;[5.0, 12.0];[f];[h];[r];[f];;[c];;[10.0, 12.0];[10.0, 20.0];;;[w];;[w, y];[t];[f];;[l, d];[u, a]
;False Death Cap;e;[4.0, 9.0];;[g];;[f];[e];;[w];[5.0, 7.0];[10.0, 15.0];[b];[g];;;[y];[t];[f];;[l, d];[u, a]
;Destroying Angel;p;[5.0, 10.0];[b];[s, t, y];;[f];[e];[c];;[10.0, 15.0];[10.0, 15.0];;[y];[w];;[w];[t];[f];;[l];[u, a]
;Tawny Grisette;e;[4.0, 8.0];;[g, h, s];[n, o];[f];[e];;[w];[10.0, 15.0];[10.0, 15.0];;[s];[w, w];;[w];[t];[f];;[l, d];[u, a]
;Parasol Mushroom;e;[10.0, 25.0];[p, f];[y];;[f];;;[w];[15.0, 35.0];[15.0, 25.0];;;;;;[t];[f];;[m, d];[u, a]
;Shaggy Parasol;e;[12.0, 18.0];[x];[y];;[t];;;[o];[8.0, 12.0];[15.0, 20.0];;;[n, e, w];;;[f];[f];;[g];[u, a]
;Stinking Parasol;p;[2.0, 5.0];[b, f];[y];;[f];[e];[c];[n, w];[3.0, 6.0];[3.0, 4.0];;;[w];;;[t];[f];;[m, d];[u, a]
;Saffron Parasol;p;[2.0, 5.0];;[y, y];[y];[f];[a, a];;[w];[4.0, 7.0];[3.0, 4.0];;[y];;;;[t];[f];;[g, m, h, d];[u, a]
;The Deceiver;e;[1.0, 4.0];[f, s];[d];[n, p];[f];[a, d];[d];;[3.0, 10.0];[2.0, 5.0];;[i];;;;[t];[f];;[h];[u, a]
;Amethyst Deceiver;e;[1.0, 4.0];;;;[f];;[d];[b, w];[4.0, 8.0];[3.0, 6.0];;;;;;[f];[f];;[l];[u, a, w]
;Wood Blewit;e;[5.0, 15.0];;;[l];[f];[s];[c];[b];[5.0, 10.0];[15.0, 25.0];;;;;;[t];[f];;[d];[a, w]
;Field Blewit;e;[5.0, 12.0];[x, f];;;[f];[s];[c];[p];[4.0, 10.0];[15.0, 25.0];;;;;;[f];[f];;[g, d];[a, w]
;Clouded Agaric;e;[8.0, 20.0];[x, f, s];;;[f];[a, d];[c];;[5.0, 12.0];[20.0, 30.0];;;;;;[t];[f];;[l, d];[a, w]
;Club-footed Funnel Cap;p;[4.0, 8.0];[x, f];;;[f];[d];;[y];[4.0, 7.0];[10.0, 0];;;[n];;;[f];[f];;[l, d];[a]
;Common Funnel Cap;e;[4.0, 8.0];;;[n];[f];[d];[c];[w];[3.0, 7.0];[6.0, 10.0];;[s];;;;[f];[f];;[l, h, d];[u, a]
;Aniseed Funnel Cap;e;[3.0, 6.0];[x, f];[d];[r, l, w];[f];[a, d];;[r];[4.0, 8.0];[5.0, 10.0];;;;;;[f];[f];;[d];[u, a]
;Ivory Clitocybe;p;[2.0, 4.0];[x, f, s];[s];;[f];[d];[c];;[2.0, 4.0];[5.0, 10.0];;;;;;[f];[f];;[g];[u, a]
;Wood Woolly-foot;p;[3.0, 6.0];[f];[l];[n, e, y];[f];[x];;;[4.0, 8.0];[4.0, 6.0];;;[n, y];;;[f];[f];;[l, d];[u, a]
;Russet Tough Shank;p;[2.0, 5.0];[f];[d];[b];[f];[x];[c];[w, y];[3.0, 6.0];[2.0, 4.0];;[i, s];[n];;;[f];[f];;[l, h, d];[u, a]
;Clustered Tough Shank;p;[2.0, 5.0];[x, f, f];[d];[n, w, w];[f];[x];[c];;[6.0, 10.0];[3.0, 5.0];;[d];[n, p];;;[f];[f];;[l, d];[u, a]
;Greasy Tough Shank;e;[4.0, 8.0];;[s];[n, b];[f];[x];[c];;[5.0, 9.0];[10.0, 0];;;[w];;;[f];[f];;[l];[a, w]
;Spotted Tough Shank;p;[6.0, 12.0];[x, f];;[n, w];[f];[x];[c];[w];[8.0, 12.0];[8.0, 15.0];[r];[i];;;;[f];[f];;[h, d];[u, a]
;Fairy Ring Champignon;e;[2.0, 5.0];[b];[d];[w];[f];[x];;;[3.0, 6.0];[2.0, 4.0];;;;;;[t];[f];;[g];[u, a]
;Little Wheel Fungus;p;[2.0, 4.0];[s];[g, y];[w];[f];[a];[d];;[1.0, 2.0];[0, 0];;;[n, e];;;[f];[f];;[l];[u, a]
;Horse-hair Fungus;p;[1.0, 3.0];[x, s];[g];[n, p, e];[f];[a, a];;[n, p];[5.0, 1.0];[0, 0];;[h, s];[n, k, k];;;[f];[f];;[h];[s, w]
;Bonnet Bell Cap;e;[2.0, 6.0];[b];[g, s];[n, w];[f];[a];;;[3.0, 8.0];[2.0, 5.0];;[s];;;;[f];[f];;[l];
;Stump Bell Cap;p;[1.0, 3.0];[b];[s];[n];[f];[a];;;[4.0, 6.0];[2.0, 0];;[s];[w];;;[f];[f];;;[u, a]
;Tufted Bell Cap;p;[2.0, 3.0];;;;[f];[a];;[n, p, e, w];[4.0, 10.0];[2.0, 3.0];;;[n, e, w, y];;;[f];[f];;;[u, a]
;Milky Bell Cap;e;[1.0, 2.0];[c];[g];[n];[f];[a];;[w];[4.0, 6.0];[1.0, 2.0];;;[w];;;[f];[f];;[l];[u, a]
;Small Bleeding Bell Cap;e;[4.0, 7.0];[c, f];;[n, e];[f];[a];;[n, p, e, w];[1.0, 0];[0, 0];;;[p, e];;;[f];[f];;[l, h, d];[u, a]
;Lilac Bell Cap;p;[2.0, 5.0];[b, f, s];;;[f];[a, d];[c];;[3.0, 8.0];[3.0, 8.0];;[s];[u];;;[f];[f];;[l, d];[u, a]
;Yellow-stemmed Bell Cap;e;[1.0, 2.0];[x];[g];[n, y];[f];[a, d];;[w];[4.0, 8.0];[1.0, 3.0];;[t];[y, y];;;[f];[f];;[g, h, d];[u, a]
;Orange Bell Cap;p;[1.0, 3.0];[x];[g];[y, o];[f];;;[y];[4.0, 1.0];[0, 0];;;[w];;;[f];[f];;;[u, a]
;Orange Moss Agaric;p;[1.0, 3.0];[x, f, s];;[o];[f];[d, d, d];;;[6.0, 1.0];[0, 0];;;[y, o];;;[f];[f];[w];[g];[u, a]
;Umbrella Navel Cap;p;[1.0, 2.0];[x, s];[g];[n, y];[f];[d];[d];;[1.0, 3.0];[2.0, 3.0];;[s];[n];;;[f];[f];;[d];[u, a]
;Rooting Shank;p;[4.0, 10.0];[x, f];[w, g];[n, e];[f];[x];;[w];[8.0, 20.0];[5.0, 10.0];;[g];;;;[f];[f];;[l, d];[u, a]
;Porcelain Mushroom;e;[4.0, 8.0];[x];[t, w, t];;[f];[a];;;[4.0, 8.0];[3.0, 7.0];;[t];[w];;;[t];[f];;;[u, w]
;Velvet Shank;e;[2.0, 7.0];[f];[w];[n, o, n];[f];[a];;[w, y];[3.0, 10.0];[3.0, 8.0];;;;;;[f];[f];;[l, d];[s, a]
;Honey Fungus;e;[5.0, 15.0];[x, f];;;[f];[a, d];[c];;[6.0, 12.0];[10.0, 20.0];;;;;;[t];[f];;[l];[u, w]
;Bulbous Honey Fungus;e;[5.0, 15.0];;[y];;[f];;;;[4.0, 10.0];[20.0, 30.0];;;;;;[t];[f];;[d];[a, w]
;Soap-scented Tricholoma;p;[3.0, 10.0];[x];[d, s];[n, p];[f];[s];;[r];[3.0, 8.0];[10.0, 20.0];;[i, y];[n, p];;;[f];[f];;;[u, a]
;Grey Tricholoma;e;[4.0, 8.0];[b, f];;;[f];[s];;[w];[3.0, 7.0];[10.0, 0];;[s];;;;[f];[f];;;[u, a]
;Scaly Tricholoma;e;[3.0, 7.0];[x, f];[i, y];[n];[f];[s];;[w, y];[3.0, 6.0];[5.0, 10.0];;;;;;[t];[f];;[l];[u, a]
;Yellow-brown Tricholoma;e;[5.0, 10.0];[f];[i];[n, o];[f];[s];;[n, y];[7.0, 11.0];[10.0, 15.0];;[i];[n];;;[f];[f];;;[a]
;Sulphur Tricholoma;p;[3.0, 8.0];;;[y, n, e, y];[f];[s];[d];;[3.0, 8.0];[8.0, 18.0];;[i];[n, y];;;[f];[f];;[l];[a]
;St George’s Mushroom;e;[5.0, 12.0];[f];;;[f];[s];[c];[w];[4.0, 10.0];[20.0, 40.0];;;[w];;;[f];[f];;[m, d];
;Clustered Brown Cap;e;[6.0, 10.0];[x];;[n];[f];[a];;[w];[5.0, 10.0];[10.0, 18.0];;;[w];;;[f];[f];;[d];[u, a]
;Changeable Melanoleuca;e;[4.0, 10.0];;[s];[n];[f];[s];[c];[w];[4.0, 8.0];[10.0, 0];;[i];[n, w];;;[f];[f];;[g, m, d];[u, a]
;Plums and custard;p;[4.0, 12.0];[f];[y, y];[u, y];[f];[s];[c];[y];[4.0, 10.0];[10.0, 25.0];;[y];;;;[f];[f];;;[a]
;Ivory Wax Cap;e;[2.0, 5.0];[x, f];[w];;[f];[d];;;[2.0, 5.0];[4.0, 8.0];;;[w];;;[f];[f];;[g, m];[a, w]
;Yellow Wax cap;p;[3.0, 6.0];;;[o];[f];[a];[c];[w, y];[5.0, 7.0];[5.0, 10.0];;[g];;;;[f];[f];;[g];[u, a]
;Orange-red Wax Cap;p;[1.0, 4.0];[f];[w, y, s];[o];[f];[a, d];;[y, o];[2.0, 4.0];[4.0, 7.0];;;;;;[f];[f];;[m, h];[a]
;Blackening Wax Cap;p;[4.0, 7.0];[b, x];;;[f];[e];;[y];[4.0, 10.0];[5.0, 10.0];;;[w, k];;;[f];[f];;[g, m];[u, a]
;Meadow Wax Cap;e;[3.0, 10.0];[x, f];;;[f];[d];[d];;[4.0, 8.0];[10.0, 15.0];;;;;;[f];[f];;[g, m, d];[a, w]
;Scarlet Hood;e;[2.0, 5.0];[x];[h, s];[p, e, o];[f];;;[e, o];[3.0, 6.0];[5.0, 8.0];;;[e, o];;;[f];[f];;[g, m];[u, w]
;Parrot Wax Cap;p;[2.0, 4.0];[b, f];[t, w, d];[r, p, y];[f];[a];;[r, y];[4.0, 6.0];[4.0, 8.0];;[t];[r, y];;;[f];[f];;[g, m, d];[u, a]
;Herald of Winter;e;[3.0, 5.0];[x, f];[t];[n];[f];[d];;[o];[5.0, 7.0];[5.0, 10.0];;[d, t];;;;[t];[f];;[d];[a, w]
;Common Yellow Russula;e;[4.0, 10.0];[x, f];;[y];[f];[a];[c];;[4.0, 8.0];[10.0, 20.0];;;[w];;;[f];[f];;[l, d];[u, w]
;Yellow-gilled Russula;e;[2.0, 6.0];[p, x];;[y];[f];[a];[c];[y, o];[2.0, 6.0];[6.0, 12.0];;;[w];;;[f];[f];;[l];[u, a]
;Yellow Swamp Russula;e;[4.0, 10.0];[x];[h, t];[y];[t];[x];[c];[y];[5.0, 10.0];[10.0, 20.0];;;[w];;;[f];[f];;;[u, a]
;Geranium-scented Russula;p;[4.0, 10.0];[x, f];[t];[n, y];[f];[x];[c];;[3.0, 8.0];[10.0, 20.0];;;;;;[f];[f];;;[a]
;Stinking Russula;p;[6.0, 15.0];;[g, t];[n];[f];[a];;;[6.0, 15.0];[20.0, 40.0];;;[n];;;[f];[f];;[l];[u, a]
;Fragile Russula;p;[2.0, 6.0];[f, s];[g];[p, u];[f];[a];;;[3.0, 6.0];[5.0, 10.0];;;[w, y];;;[f];[f];;[l];[u, a]
;Birch Russula;p;[2.0, 6.0];[x, f];;[b, p, e, y];[f];[x];;[w];[3.0, 7.0];[5.0, 8.0];;;[w];;;[f];[f];;;[u, a]
;Bare-toothed Russula;e;[5.0, 10.0];;;[n, p, e];[f];[x];[c];[w];[4.0, 10.0];[10.0, 25.0];;;[w];;;[f];[f];;[l, d];[u, a]
;The Charcoal Burner;e;[5.0, 15.0];;;[n, r, y, l];[f];[x];[c];[w];[5.0, 10.0];[10.0, 30.0];;;[u, w];;;[f];[f];;[l];[u, a]
;Blackish Purple Russula;e;[4.0, 12.0];[x, f, s];[s];;[f];[a];[c];[w];[3.0, 6.0];[10.0, 20.0];;;[n, p, w];;;[f];[f];;[l, d];[u, a]
;Blackening Russula;e;[8.0, 25.0];[x, f];;[n, w, k];[f];[a];;[n, e, y, k];[4.0, 10.0];[15.0, 30.0];;;;;;[f];[f];;[d];[u, w]
;The Sickener;p;[5.0, 10.0];[x, f];;;[f];[x];;[w];[4.0, 8.0];[15.0, 20.0];;;[w];;;[f];[f];;;[u, a]
;Beechwood Sickener;p;[3.0, 7.0];;;[p, w];[f];;[c];[r, w];[2.0, 5.0];[10.0, 15.0];;;[y];;;[f];[f];;;[a]
;Crab-scented Russula;e;[7.0, 15.0];[x];[s];[n, r, u, y];[f];[x];;;[4.0, 10.0];[15.0, 30.0];;;[n, p, w];;;[f];[f];;[l, d];[u, w]
;Grass-green Russula;p;[5.0, 10.0];;;[n, r, y];[f];[x];[c];[y];[5.0, 8.0];[8.0, 15.0];;;[w];;;[f];[f];;;[u, a]
;Peppery Milk Cap;e;[8.0, 15.0];;;[w];[f];[d, d];[c];[r, y, p, y];[4.0, 8.0];[20.0, 30.0];;;[w];;;[f];[f];;[l];[u, a]
;Fleecy Milk Cap;p;[10.0, 25.0];[x, f, s];;[n, y];[f];[d];[d];[w, n];[4.0, 10.0];[20.0, 40.0];;;[w];;;[f];[f];;[l, d];[u, w]
;Oak Milk Cap;p;[4.0, 9.0];[x, s];[d];[n, e];[f];[d];[c];[n, w];[4.0, 10.0];[6.0, 12.0];;;;;;[f];[f];;;[a]
;Slimy Milk Cap;p;[5.0, 10.0];[s];[t];[n];[f];[d];;[w];[4.0, 5.0];[10.0, 15.0];;[t];;;;[f];[f];;[l];[u, a]
;Ugly Milk Cap;p;[7.0, 20.0];[x, f, s];;[n, k];[f];[d];[c];[n, b];[4.0, 6.0];[20.0, 30.0];;;;;;[f];[f];;[g];[u, a]
;Rufous Milk Cap;p;[4.0, 10.0];[f, s];[d];[n, e];[f];[d];[c];[y, w];[4.0, 8.0];[6.0, 12.0];;;;;;[f];[f];;;[u, a]
;Sweet Milk Cap;p;[3.0, 8.0];;;;[f];[d];[c];[b, p, w, y];[4.0, 8.0];[4.0, 8.0];;;;;;[f];[f];;[l];[u, a]
;Small Brown Milk Cap;p;[2.0, 4.0];[f];[w];[n, o];[f];[d];[c];[n, w, y];[2.0, 5.0];[4.0, 8.0];;;;;;[f];[f];;[l];[u, a]
;Coconut-scented Milk Cap;e;[2.0, 5.0];;;[n, p];[f];[d];[c];[w];[3.0, 6.0];[4.0, 8.0];;;;;;[f];[f];;[l];[u, a]
;Woolly Milk Cap;p;[6.0, 12.0];;[t];[p];[f];[d];[c];[p];[6.0, 10.0];[10.0, 20.0];;;[p];;;[t];[f];;;[u, a]
;Saffron Milk Cap;e;[5.0, 15.0];;[t];;[f];[d];[c];[o];[4.0, 8.0];[15.0, 20.0];;;[o];;;[f];[f];;;[u, a]
;Spruce Milk Cap;p;[5.0, 12.0];;;[y, o];[f];[d];;[r, e, o];[3.0, 7.0];[10.0, 15.0];;;;;;[t];[f];;;[u, a]
;Fawn Pluteus;e;[6.0, 12.0];;[s];[n];[f];[e];[c];;[4.0, 10.0];[8.0, 12.0];;[i];[w, n, w];;;[f];[f];[p];[l];[a]
;Veined Pluteus;e;[4.0, 9.0];[x];[y, y];[n];[f];[e];[c];[n, p, w];[3.0, 8.0];[8.0, 12.0];;[y];[n];;;[f];[f];;[l, d];[u, a]
;Silky Nolanea;p;[2.0, 5.0];[x, f];[g];[n];[f];[s];;[p];[3.0, 5.0];[2.0, 4.0];;;;;;[f];[f];[p];[g];[u, a]
;Striated Nolanea;p;[3.0, 5.0];[b, f];[g, t];[n];[f];[x];[c];[p];[4.0, 8.0];[3.0, 6.0];;[i, g];;;;[f];[f];;[g, m, d];[u, a]
;White Leptonia;p;[2.0, 4.0];[x, s];;;[f];[a, d];;[p, w];[2.0, 5.0];[2.0, 3.0];;[h];[w];;;[f];[f];;[g];[u, a]
;Blue Leptonia;p;[1.0, 3.0];[x, f];[i];[l, k];[f];[a];;[p, w];[2.0, 6.0];[2.0, 3.0];;;[w];;;[f];[f];[p, l];[g];[u, a]
;Livid Entoloma;p;[6.0, 18.0];;;;[f];[s];;[p, y];[5.0, 10.0];[15.0, 20.0];;[i];;;;[f];[f];;[d];[u, a]
;The Miller;e;[4.0, 10.0];[x];[l];[w];[f];[d];;[p, w];[3.0, 4.0];[6.0, 12.0];;;[w];;;[f];[f];;[g, d];[u, a]
;Apricot Fungus;p;[5.0, 10.0];[x];[w];;[f];[s];[c];;[3.0, 6.0];[8.0, 12.0];;;[p];;;[f];[f];;[d];[a, w]
;Egg Yolk Fungus;p;[1.0, 3.0];[p, c, f];[g, h, t];[y, n];[f];;;[n];[5.0, 10.0];[2.0, 4.0];;;[y];;;[f];[f];;[g];[u, a]
;Brown Bell Cap;p;[1.0, 3.0];[b];[g];[n, n, y, o];[f];;[c];[n];[4.0, 8.0];[2.0, 4.0];;;;;;[f];[f];;[g, m, d];[s, a]
;Spring Agaric;e;[3.0, 6.0];[x];;;[f];[x];[c];[n];[7.0, 9.0];[6.0, 12.0];[b];;;;;[t];[f];;[g, d];[s, u, a]
;Shaggy Pholiota;p;[4.0, 12.0];[x];[y, y, s];[y];[f];[a];[c];[n];[6.0, 15.0];[7.0, 15.0];;;;;;[t];[f];;[l, d];[u, a]
;Charcoal Pholiota;p;[2.0, 6.0];;[h, t, y];[n, o, n];[f];[a];[c];[n];[3.0, 6.0];[4.0, 8.0];;[y];;;;[t];[f];;[d];[a, w]
;Brown Stew Fungus;e;[3.0, 8.0];;[h];[n];[f];[x];[c];[n];[3.0, 8.0];[4.0, 8.0];;[y, s];;;;[t];[f];;[l];[s, w]
;Sulphur Tuft;p;[2.0, 6.0];[b];[s];;[f];;[c];[y, y];[5.0, 12.0];[5.0, 10.0];;;;;;[t];[f];[r, k];[l, d];
;Brick Caps;p;[4.0, 8.0];;;[e];[f];[a];;[n, y];[6.0, 10.0];[8.0, 12.0];;;[y];;[w];[t];[f];;[d];[a]
;Verdigris Toadstool;p;[2.0, 6.0];[b, x];[h, t, y, y, t, y];[r, l, w];[f];[s];[c];[n, u, w];[4.0, 8.0];[5.0, 10.0];;[y];[w];;;[t];[f];[r, u, l, k];[g, m, d];[u, a]
;Dung Roundhead;p;[1.0, 3.0];[f];[d, t, t];;[f];[a];[c];[n];[4.0, 10.0];[2.0, 3.0];;[t];[y];;;[t];[f];;[m];[s, a]
;Magic Mushroom;p;[2.0, 5.0];[b];;;[f];;[c];;[2.0, 3.0];[0, 0];;;[l];;;[t];[f];;[g, m];[u, a]
;Red-banded Cortinarius;p;[6.0, 12.0];;[i];;[f];[a];;[n];[6.0, 15.0];[10.0, 20.0];;;[e, o];;[n];[f];[f];;[h];[a]
;Purple Cortinarius;p;[5.0, 12.0];[x];;[n];[t];[x];;[n, u];[6.0, 12.0];[15.0, 25.0];;;;;[u];[f];[f];;[l];[a]
;Blood-red Cortinarius;p;[2.0, 5.0];;[i];;[f];;;[e];[3.0, 6.0];[3.0, 8.0];;;;;;[f];[f];[n];[l];[a]
;Red-staining Inocybe;p;[3.0, 8.0];[c];;;[t];[x];[c];[p, y];[3.0, 10.0];[10.0, 15.0];;;[e, w];;;[f];[f];;[g, d];[s, a]
;Straw-coloured Inocybe;p;[3.0, 7.0];[c];[i];[n, n, y];[f];;[c];[n];[5.0, 8.0];[5.0, 10.0];;[t];;;;[f];[f];;[l, d];[u, a]
;Common White Inocybe;p;[1.0, 4.0];[c, f];;[w];[f];[a];[c];[n];[2.0, 5.0];[3.0, 4.0];;[i];;;;[f];[f];;[p, d];[u, a]
;Poison Pie;p;[4.0, 10.0];[x];[s, t];;[f];[s];;[n];[4.0, 7.0];[5.0, 10.0];;[y];[w];;;[f];[f];;[l];[a, w]
;Dark-centred Hebeloma;p;[2.0, 5.0];[x];[t];[n];[f];[s];[c];[n, p];[4.0, 7.0];[5.0, 12.0];;;[w];;;[t];[f];;;[u, a]
;Rusty Wood Rotter;p;[4.0, 8.0];[b, f];;[n];[f];[a, d];[c];[y];[4.0, 7.0];[5.0, 8.0];;[i];[w];;;[t];[f];;;[u, a]
;Spectacular Gymnopile;p;[6.0, 15.0];[x];[d];;[f];[a];;[y, o];[6.0, 18.0];[15.0, 30.0];[r];;;;;[t];[f];;[l];[u, w]
;Moss Pixy Cap;p;[1.0, 2.0];[b];[h];[n];[f];[a];;[w];[3.0, 6.0];[1.0, 2.0];;[t];[n];;;[f];[f];;[g, h, d];[s, a]
;Field Mushroom;e;[3.0, 10.0];;[s];[w];[f];[e];[c];;[3.0, 7.0];[10.0, 15.0];;;[w];;[n, w];[t];[f];;[g, m];[u, a]
;Cultivated Mushroom;e;[3.0, 10.0];[f];[i, y];[n];[f];[e];[c];[p];[3.0, 6.0];[10.0, 15.0];;;;;;[t];[f];;;[u, a]
;Horse Mushroom;e;[5.0, 20.0];[f];;[w, y];[t];[e];;[n];[5.0, 15.0];[15.0, 20.0];;;[w, y];;;[t];[f];;[m];[u, a]
;Yellow-staining Mushroom;p;[5.0, 10.0];;[y];[w, y];[t];;;[n, p, w];[6.0, 10.0];[10.0, 18.0];;;[w];;;[t];[f];;[g, d];[u, a]
;Bleeding Brown Mushroom;e;[8.0, 12.0];;[i, y];[n, e];[t];[e];;[p, e];[8.0, 10.0];[15.0, 20.0];;[y];[w];;;[t];[f];;[l, d];[a]
;Shaggy Ink Cap;e;[5.0, 15.0];[p, f];[y, s];[n, w];[f];[e];[c];[p, w, k];[8.0, 30.0];[10.0, 15.0];;[y, s, s];[w];;;[t];[f];;[g, u, d];[s, w]
;Common Ink Cap;p;[4.0, 8.0];[p, b];;;[f];;;[w, k];[5.0, 15.0];[10.0, 15.0];;[s];[w];;;[t];[f];;[g, d];[s, w]
;Magpie Ink Cap;p;[6.0, 10.0];[b];;[n, w];[f];;;[p, k];[10.0, 20.0];[15.0, 20.0];;;[w];;;[t];[f];;[l];[a]
;Rusty Carpet Ink Cap;p;[2.0, 5.0];[b];[g, y, y];[n, w];[f];;[c];[u, w];[4.0, 8.0];[4.0, 5.0];;[s];[w];;;[f];[f];;[l, d];[u, a]
;Glistening Ink Cap;e;[2.0, 4.0];[b];[g];[n];[f];;[c];[n, k];[5.0, 8.0];[2.0, 4.0];;;[n, w];;;[f];[f];;[l];
;Fairies’ Bonnets;e;[2.0, 4.0];[b];[g];[n];[f];;;;[1.0, 2.0];[0, 0];;;[w];;;[f];[f];;[d];[s, w]
;Fairy Parasol;e;[1.0, 2.0];[f];;[k, n];[f];;;[k];[4.0, 6.0];[2.0, 3.0];;;;;;[f];[f];;[g, d];[s, w]
;Common Crumble Cap;e;[3.0, 6.0];[f];;[y];[f];[x];[c];[n, w];[5.0, 8.0];[3.0, 5.0];;;[w];;;[f];[f];[p, w];[l];[u, a]
;Two-toned Crumble Cap;e;[2.0, 5.0];[x, f];[h];;[f];;[c];[n, k];[4.0, 8.0];[5.0, 8.0];;[s];[w];;[n, w];[f];[f];;[l];[u, a]
;Hay Cap;p;[1.0, 2.0];[x];;[n];[f];;;[n, k];[4.0, 6.0];[2.0, 3.0];;[s];[n];;;[f];[f];;[g];[u, a]
;Petticoat Fungus;p;[2.0, 4.0];[b];;[n, k];[f];[a];;[n, k];[6.0, 12.0];[2.0, 3.0];;;[n, w];;[w];[t];[f];;[g];[u, a]
;Egg-shell Toadstool;p;[2.0, 6.0];[b];;;[f];;;[n, k];[5.0, 15.0];[4.0, 8.0];;;[w];;;[t];[f];;;[u, w]
;Weeping Widow;p;[5.0, 10.0];[x];;[n, y];[f];[a];[c];[n, w, k];[6.0, 10.0];[6.0, 10.0];;[i];[n];;[k];[t];[f];;[g, d];[u, a]
;Cep;e;[8.0, 30.0];[x];[w, t];[n];[f];;;;[8.0, 25.0];[4.0, 10.0];;[w];[n, w];;;[f];[f];;[d];[u, a]
;Bay Bolete;e;[7.0, 15.0];;[h, t];;[t];;;;[5.0, 12.0];[20.0, 25.0];;;;;;[f];[f];;[l, d];
;Red-cracked Bolete;e;[5.0, 10.0];[x];[d];[n, p, e, y];[t];;;;[4.0, 8.0];[10.0, 15.0];;;[e, y];;;[f];[f];;[l, d];[u, a]
;Yellow-cracked Bolete;e;[3.0, 10.0];;[d];[n, y];[t];;;;[4.0, 10.0];[10.0, 20.0];;;[y, y];;;[f];[f];;[l];[u, a]
;Dotted-stemmed Bolete;p;[8.0, 20.0];[x];[s];[y, n];[t];;;;[6.0, 12.0];[20.0, 40.0];[c];;[l, n, y, l];;;[f];[f];;[l];[u, a]
;Lurid Bolete;p;[8.0, 14.0];;;[n, e, y, o];[t];;;;[5.0, 12.0];[15.0, 40.0];;;[r, l, u, y];;;[f];[f];;;[u, a]
;Parasitic Bolete;e;[2.0, 5.0];;[d];[n];[f];;;;[3.0, 6.0];[8.0, 12.0];;;[n, y];;;[f];[f];;;[a]
;Bitter Bolete;p;[5.0, 14.0];;;[n, w];[f];;;;[6.0, 14.0];[20.0, 40.0];[c];;[n];;;[f];[f];[p, w];[l];[u, a]
;Peppery Bolete;e;[3.0, 6.0];;[d, s, t];[n, o, y];[f];;;;[3.0, 8.0];[8.0, 15.0];;;[n, n, e, y];;;[f];[f];;;[u, a]
;Orange Birch Bolete;e;[12.0, 25.0];[x, x];[d];[n, e, o];[f];;;;[12.0, 20.0];[30.0, 40.0];;[y, y];[n, w, k];;;[f];[f];;[d];[u, a]
;Brown Birch Bolete;e;[5.0, 10.0];;;[n];[t];;;;[8.0, 15.0];[20.0, 30.0];;[y];[n, w, k];;;[f];[f];;;[u, a]
;Larch Bolete;e;[4.0, 12.0];;[t, t];[y];[f];;;;[5.0, 10.0];[12.0, 18.0];;;[y];;[y];[t];[f];;;[u, a]
;Slippery Jack;e;[6.0, 12.0];;[t, h, s];[n];[t];;;;[5.0, 10.0];[15.0, 20.0];;;[y];;[n, w, y];[t];[f];;;[u, a]
;Shallow-pored Bolete;e;[4.0, 12.0];;[h, t, s];;[f];;;;[4.0, 10.0];[10.0, 15.0];;[s];[y];;;[t];[f];;[g, h];[u, a]
;Brown Roll-rim;p;[7.0, 15.0];[x, f];[t];[n, n];[t];[d];[c];[n];[4.0, 8.0];[10.0, 20.0];;;;;;[f];[f];;[l, h, d];[u, a]
;Velvet Roll-rim;p;[8.0, 25.0];;;;[f];[a, d];[c];[y];[4.0, 8.0];[20.0, 50.0];;;[n, k];;;[f];[f];;;[u, a]
;False Chanterelle;p;[3.0, 8.0];[s];[d];;[f];[d];[c];;[2.0, 5.0];[5.0, 8.0];;;;;;[f];[f];;[h];[u, a]
;Chanterelle;e;[2.0, 10.0];[p, x, f];;[y];[f];;;;[2.0, 8.0];[8.0, 20.0];;;;;;[f];[f];;[l];[u, a]
;Tubed Chanterelle;e;[2.0, 5.0];[s];;[n, y];[f];[d];;;[5.0, 8.0];[5.0, 10.0];;[w];[y, o];;;[f];[f];;;[a]
;Horn of Plenty;e;[2.0, 8.0];;;;[f];;;[n, k];[4.0, 10.0];[0, 0];;;;;;[f];[f];;;[u, w]
;Oyster Mushroom;e;[5.0, 18.0];[f];;[l];[f];[a, d];[c];[w];[2.0, 3.0];[10.0, 20.0];;;;;;[f];[f];;[l];[a, w]
;Branched Oyster Mushroom;e;[5.0, 12.0];[x, s];;[n];[f];[a];;[w];[2.0, 7.0];[15.0, 30.0];;;;;;[f];[f];;;[u, a]
;Olive-brown Panellus;p;[3.0, 12.0];;;;[f];;[c];[y, o];[1.0, 2.0];[10.0, 20.0];;;[n];;;[f];[f];;[l, d];[a, w]
;Soft Slipper Toadstool;p;[2.0, 7.0];;[g, s, t];[n];[f];;[c];[w];[0, 0];[0, 0];;;;;;[t];[f];[n];[l];[u, a]
;Orange Clubs;p;[2.0, 6.0];;;;[f];;;;[2.0, 4.0];[0, 0];;;;;;[f];[f];;[g, l, d];[u, a]
;Crested Coral Fungus;e;[2.0, 8.0];;;;[f];;;;[2.0, 6.0];[0, 0];;;;;;[f];[f];;[l];[u, a]
;Grey Coral Fungus;e;[3.0, 10.0];;;;[f];;;;[2.0, 8.0];[0, 0];;;;;;[f];[f];;[l, d];[u, a]
;Cauliflower Fungus;e;[10.0, 20.0];;;;[f];;;;[15.0, 40.0];[0, 0];[r];;;;;[f];[f];;;[u, a]
;Hedgehog Fungus;e;[6.0, 14.0];;;[b];[f];;;;[4.0, 6.0];[15.0, 25.0];;;;;;[t];[f];;[l];[a]
;Ear-pick Fungus;p;[1.0, 2.0];[x];;[n];[f];;;[n];[2.0, 6.0];[1.0, 2.0];;;;;;[f];[f];;;[a]
;Earth Fan;p;[3.0, 20.0];[f];;;[f];;;[n];[0, 0];[0, 0];;;;;;[t];[f];;[l, h];[u, a]
;Hairy Stereum;p;[2.0, 6.0];;;;[f];;;;[2.0, 3.0];[0, 0];;;;;;[t];[f];;[l, d];
;Bleeding Stereum;p;[2.0, 20.0];;;;[t];;;;[1.0, 2.0];[0, 0];;;;;;[f];[f];;[l, d];
;Silver Leaf Fungus;p;[15.0, 2.0];[f];[l];;[f];;;;[4.0, 0];[0, 0];;;;;;[f];[f];;[l, d];
;Violet Fir Bracket;p;[30.0, 30.0];;;;[f];;;;[2.0, 4.0];[0, 0];;;;;;[f];[f];;[d];
;Many-zoned Polypore;p;[2.0, 7.0];;;;[f];;;;[2.0, 5.0];[1.0, 5.0];;;;;;[f];[f];;[l, d];
;Grey Polypore;p;[2.0, 6.0];;;;[t];;;;[4.0, 7.0];[0, 0];;;;;;[f];[f];;[l, d];
;Jelly Rot;p;[2.0, 4.0];;;;[f];;;;[0, 0];[0, 0];;;;;;[f];[f];;[l, d];[u, a]
;Root Fomes;p;[15.0, 8.0];;;;[f];;;;[4.0, 0];[0, 0];;;;;;[f];[f];;;
;Hump-backed Polypore;p;[10.0, 20.0];;;;[f];;;;[6.0, 15.0];[1.0, 5.0];;;;;;[f];[f];;[l];
;Blushing Bracket;p;[4.0, 14.0];;;;[t];;;;[4.0, 8.0];[1.0, 3.0];;;;;;[f];[f];;[l];
;Maze Gill;p;[8.0, 16.0];;;;[f];[p];;;[4.0, 8.0];[2.0, 5.0];;;;;;[t];[f];;[d];
;Birch Polypore;p;[8.0, 30.0];;;;[f];;;;[5.0, 20.0];[2.0, 6.0];;;;;;[f];[f];;;
;Hoof Fungus;p;[7.0, 40.0];;;;[f];;;;[5.0, 20.0];[7.0, 20.0];;;;;;[f];[f];;;
;Dryad’s Saddle;e;[50.0, 5.0];;[d];;[f];;;;[3.0, 10.0];[1.0, 6.0];;;[n, k];;;[f];[f];;[l];[s, u]
;Shaggy Polypore;p;[10.0, 25.0];;;;[f];;;;[8.0, 20.0];[4.0, 10.0];;;;;;[t];[f];;[l];[u]
;Common Ganoderma;p;[10.0, 30.0];;;;[t];;;;[10.0, 25.0];[4.0, 8.0];;;;;;[f];[f];;[l];
;Beefsteak Fungus;e;[8.0, 20.0];;;;[t];;;;[3.0, 6.0];[0, 0];;;;;;[f];[f];;;[u, a]
;Sulphur Polypore;e;[5.0, 20.0];;;;[f];;;;[2.0, 6.0];[0, 0];;;;;;[f];[f];;;[u, a]
;Giant Polypore;e;[10.0, 35.0];;;;[f];;;;[1.0, 3.0];[0, 0];;;;;;[f];[f];;[l];[u, a]
;Hen of the Woods;e;[40.0, 0];;;;[f];;;;[0, 0];[0, 0];;;[n, w];;;[f];[f];;[l];[a]
;Fuzzy Polypore;p;[8.0, 30.0];;;;[f];;;;[3.0, 8.0];[2.0, 6.0];;;[n];;;[f];[f];;;[a, w]
;Brown Goblet;p;[3.0, 7.0];[f];;[n, y];[f];;;;[2.0, 5.0];[3.0, 8.0];;;[n];;;[t];[f];;;[u]
;Jew’s Ear;e;[2.0, 7.0];;;;[f];;;;[2.0, 5.0];[0, 0];;;;;;[f];[f];;[d];
;Yellow Brain Fungus;p;[2.0, 8.0];;;;[f];;;;[0, 0];[0, 0];;;;;;[f];[f];;[l];[w]
;Witch’s Butter;p;[1.0, 5.0];;;;[f];;;;[0, 0];[0, 0];;;;;;[f];[f];;[l, d];
;Orange Jelly;p;[2.0, 5.0];;;;[f];;;;[0, 0];[0, 0];;;;;;[t];[f];;[l, d];
;Yellow Fingers;p;[2.0, 10.0];;;;[f];;;;[1.0, 2.0];[0, 0];;;;;;[f];[f];;[l, d];
;Yellow Clubs;p;[5.0, 15.0];;;;[f];;;;[2.0, 4.0];[0, 0];;;;;;[t];[f];;[d];
;Jelly Antler Fungus;p;[3.0, 8.0];;;;[f];;;;[2.0, 3.0];[0, 0];;;;;;[t];[f];;;[a]
;Giant Puffball;e;[20.0, 75.0];;;;[f];;;;[0, 0];[0, 0];;;;;;[f];[f];[n, w, y];[m, d];[u, a]
;Mosaic Puffball;e;[5.0, 15.0];;;;[f];;;;[0, 0];[0, 0];;;;;;[f];[f];[n];[m];[u, a]
;Pestle Puffball;e;[8.0, 15.0];;;;[f];;;;[5.0, 10.0];[3.0, 5.0];;;;;;[f];[f];[n];[l, h, d];[u, a]
;Common Puffball;e;[2.0, 5.0];;;;[f];;;;[3.0, 8.0];[0, 0];;;;;;[f];[f];;[l, d];[u, a]
;Stinking Puffball;p;[2.0, 5.0];;;;[f];;;;[2.0, 4.0];[0, 0];;;;;;[f];[f];[n, w];[h, d];[u, a]
;Spiny Puffball;p;[2.0, 6.0];;;;[f];;;;[3.0, 7.0];[0, 0];;;;;;[f];[f];[n];[l, d];[u, a]
;Stump Puffball;e;[1.0, 4.0];;;;[f];;;;[1.0, 6.0];[0, 0];;;;;;[f];[f];[n, w];[l, d];[u, a]
;Membranous Puffball;e;[2.0, 5.0];;;;[f];;;;[2.0, 4.0];[0, 0];;;;;;[f];[f];[n, w];[h];[u, a]
;Rolling Puffball;e;[2.0, 4.0];;;;[f];;;;[0, 0];[0, 0];;;;;;[f];[f];[n, e];[g];[u, a]
;Common Earthball;p;[3.0, 10.0];;;;[f];;;;[0, 0];[0, 0];;;;;;[f];[f];[n, y, n, u, w, k];;[u, a]
;Smooth Earthball;p;[3.0, 5.0];;;;[f];;;;[6.0, 7.0];[0, 0];;;;;;[f];[f];[n, w];[h, d];[u, a]
;Stinkhorn;e;[3.0, 5.0];;;;[f];;;;[10.0, 20.0];[2.0, 3.0];;[t, w];[w];;;[t];[f];;[d];[u, a]
;Dog Stinkhorn;p;[2.0, 3.0];;;;[f];;;;[4.0, 8.0];[1.0, 0];;[t];[w, o];;;[f];[f];[o];[d];[u, a]
;Collared Earthstar;p;[4.0, 7.0];;;;[f];;;;[0, 0];[0, 0];;;;;;[t];[f];;;[u, a]
;Bird’s Nest Fungus;p;[1.0, 0];;;;[f];;;;[0, 0];[0, 0];;;;;;[f];[f];[w];;[u, a]
;Orange Peel Fungus;e;[2.0, 8.0];;;;[f];;;;[0, 0];[0, 0];;;;;;[t];[f];;[d];[a, w]
;Lemon Peel Fungus;e;[2.0, 5.0];;;;[f];;;;[4.0, 10.0];[0, 0];;;;;;[f];[f];;;[u, a]
;Pig’s Ears;p;[3.0, 8.0];;;;[f];;;;[0, 0];[0, 0];;;;;;[t];[f];;[p];[u, a]
;Large Cup Fungus;p;[3.0, 12.0];;;;[f];;;;[0, 0];[0, 0];;;;;;[t];[f];;;[u, a]
;Straw Cup Fungus;p;[3.0, 8.0];;;;[f];;;;[0, 0];[0, 0];;;;;;[t];[f];;;
;Eyelash Fungus;p;[0, 0];;;;[f];;;;[0, 0];[0, 0];;;;;;[f];[f];;[d];[s, a]
;White Saddle;p;[2.0, 6.0];;;;[f];;;;[4.0, 7.0];[2.0, 4.0];;[g];[w];;;[t];[f];;[l, p, d];[u, a]
;Elfin’s Saddle;p;[2.0, 4.0];[x];;[k];[f];;;;[2.0, 5.0];[1.0, 2.0];;;;;;[f];[f];;[l];[u, a]
;Turban Fungus;p;[5.0, 15.0];;;[n, e];[f];;;;[2.0, 5.0];[2.0, 3.0];;[g];[n];;;[f];[f];;[d];[s, u]
;Common Morel;e;[3.0, 8.0];[p, c];;;[f];;;;[3.0, 8.0];[0, 0];;[g];;;;[f];[f];;[l, d];
;Jelly Babies;p;[1.0, 2.0];[x, f, s];[s];[y];[f];;;;[5.0, 4.0];[7.0, 0];;;[r, y];;;[f];[f];;[l];[u, a]
;Green Wood Cup;p;[0, 0];;;;[f];;;;[0, 0];[0, 0];;;;;;[f];[f];;[l, d];[s, a]
;Black Bulgar;p;[1.0, 3.0];;;;[f];;;;[1.0, 0];[0, 0];;;;;;[f];[f];;;[a, w]
;Purple Jelly Fungus;p;[0, 0];;;;[f];;;;[0, 0];[0, 0];;;;;;[t];[f];;[l, d];[a, w]
;Shaggy Earth Tongue;p;[3.0, 8.0];;;;[f];;;;[0, 0];[0, 0];[c];[s];;;;[f];[f];;[g];[u, a]
;Scarlet Caterpillar Fungus;p;[2.0, 5.0];;;;[f];;;;[0, 0];[0, 0];;;;;;[f];[f];;[g, d];[u, a]
;Ergot;p;[5.0, 20.0];;;;[f];;;;[2.0, 4.0];[0, 0];;;;;;[t];[f];;[g];[u, a]
;Summer Truffle;e;[3.0, 7.0];;;;[f];;;;[0, 0];[0, 0];;;;;;[f];[f];;[l];[u, a]
;False Truffle;p;[2.0, 4.0];;;;[f];;;;[0, 0];[0, 0];;;;;;[f];[f];[n, u, e];[d];
;Candle Snuff Fungus;p;[3.0, 5.0];;;;[f];;;;[2.0, 5.0];[0, 0];;;;;;[t];[f];;[l, d];
;Dead Man’s Fingers;p;[3.0, 7.0];;;;[f];;;;[1.0, 3.0];[0, 0];;;;;;[t];[f];;;[s, u]
;King Alfred’s Cakes;p;[2.0, 7.0];;;;[f];;;;[0, 0];[0, 0];;;;;;[f];[f];;[l, d];[u, a]
;Beech Bark Spot;p;[2.0, 3.0];;;;[f];;;;[0, 0];[0, 0];;;;;;[f];[f];;[l];
;Coral Spot;p;[0, 0];;;;[f];;;;[0, 0];[0, 0];;;;;;[f];[f];;[l, d];
